customer_id,age,gender,monthly_spend,contract_type,tenure_months,num_support_tickets,used_coupon_last30,has_mobile_app,churned
CUST0000,56,Male,74.67,monthly,20,1,False,True,0
CUST0001,69,Male,98.77,monthly,12,2,False,True,0
CUST0002,46,Male,125.54,monthly,43,1,False,True,0
CUST0003,32,Female,64.38,monthly,31,0,False,True,1
CUST0004,60,Male,65.21,monthly,27,1,False,True,1
CUST0005,25,Male,95.88,monthly,32,1,False,True,0
CUST0006,38,Male,88.64,annual,10,4,True,False,1
CUST0007,56,Female,111.93,monthly,3,1,True,False,1
CUST0008,36,Female,86.68,monthly,45,1,True,True,1
CUST0009,40,Male,67.81,monthly,27,0,False,False,0
CUST0010,28,Male,86.81,monthly,35,0,False,False,1
CUST0011,28,Male,97.17,monthly,31,3,False,True,0
CUST0012,41,Male,91.41,monthly,15,1,False,False,0
CUST0013,53,Female,85.15,annual,16,0,False,True,0
CUST0014,57,Female,96.33,monthly,13,1,False,False,0
CUST0015,41,Female,98.39,monthly,49,0,True,True,1
CUST0016,20,Female,102.64,monthly,35,1,False,True,0
CUST0017,39,Male,87.97,monthly,52,0,False,False,0
CUST0018,19,Male,71.66,monthly,11,0,False,True,0
CUST0019,41,Male,77.93,monthly,59,0,False,True,0
CUST0020,61,Female,99.13,monthly,21,0,False,True,0
CUST0021,47,Male,58.66,monthly,51,1,True,True,1
CUST0022,55,Female,82.37,monthly,54,1,False,False,1
CUST0023,19,Female,67.13,annual,11,4,False,False,0
CUST0024,38,Male,75.57,monthly,30,2,False,True,0
CUST0025,50,Male,100.57,annual,48,0,False,True,0
CUST0026,29,Male,78.82,monthly,53,2,False,False,0
CUST0027,39,Female,75.93,annual,35,2,False,True,0
CUST0028,61,Male,47.8,monthly,22,0,False,False,1
CUST0029,42,Female,89.93,annual,38,0,False,True,0
CUST0030,66,Male,87.91,annual,31,2,False,True,0
CUST0031,44,Female,118.27,monthly,14,1,False,True,0
CUST0032,59,Female,68.84,annual,24,2,False,True,0
CUST0033,45,Male,79.38,monthly,50,1,False,True,0
CUST0034,33,Female,79.99,monthly,49,0,True,True,0
CUST0035,32,Female,106.55,monthly,32,3,False,True,1
CUST0036,64,Male,73.09,monthly,36,1,True,True,1
CUST0037,68,Female,80.58,monthly,32,0,False,True,0
CUST0038,61,Male,87.16,monthly,55,2,True,True,1
CUST0039,69,Female,78.73,monthly,15,0,True,True,0
CUST0040,20,Male,66.07,monthly,43,1,True,True,0
CUST0041,54,Male,78.88,annual,58,2,True,True,0
CUST0042,68,Female,96.47,monthly,35,0,False,False,0
CUST0043,24,Female,54.47,monthly,3,2,False,False,0
CUST0044,38,Female,77.66,monthly,16,3,False,True,1
CUST0045,26,Female,61.0,monthly,5,2,False,True,1
CUST0046,56,Female,98.9,monthly,21,2,False,True,0
CUST0047,35,Male,44.54,monthly,10,1,True,False,1
CUST0048,21,Female,63.82,monthly,19,0,False,True,0
CUST0049,42,Male,82.54,annual,25,0,True,True,0
CUST0050,31,Male,106.31,monthly,4,2,False,False,0
CUST0051,67,Female,73.68,monthly,29,2,False,True,0
CUST0052,26,Male,63.9,monthly,19,4,True,True,0
CUST0053,43,Male,112.62,monthly,43,0,False,True,1
CUST0054,19,Male,46.04,monthly,2,1,False,False,0
CUST0055,37,Male,31.02,monthly,10,1,False,True,1
CUST0056,45,Female,83.8,monthly,43,0,False,False,0
CUST0057,64,Male,64.96,monthly,25,3,True,False,1
CUST0058,24,Female,54.58,annual,20,0,False,True,0
CUST0059,61,Female,89.17,annual,48,1,True,True,1
CUST0060,25,Male,79.88,monthly,19,0,False,True,1
CUST0061,64,Female,63.72,monthly,23,2,True,False,0
CUST0062,52,Female,49.39,monthly,24,2,False,False,1
CUST0063,31,Female,92.45,monthly,11,1,False,True,1
CUST0064,34,Male,88.0,monthly,46,0,False,False,1
CUST0065,53,Female,73.02,monthly,34,1,False,True,0
CUST0066,67,Female,111.93,monthly,55,1,False,True,0
CUST0067,57,Female,53.6,monthly,28,2,False,False,1
CUST0068,21,Male,44.49,monthly,5,0,False,False,0
CUST0069,19,Female,61.16,annual,59,3,True,True,1
CUST0070,23,Male,74.09,annual,5,3,False,False,0
CUST0071,59,Male,79.87,monthly,51,2,True,False,1
CUST0072,21,Male,70.18,monthly,21,2,True,False,0
CUST0073,46,Male,82.04,annual,12,0,False,False,0
CUST0074,35,Male,49.97,monthly,50,1,False,False,0
CUST0075,43,Male,103.88,monthly,4,1,False,True,1
CUST0076,61,Female,73.36,monthly,54,2,True,False,1
CUST0077,51,Male,97.35,monthly,49,6,False,True,1
CUST0078,27,Female,81.85,monthly,42,3,True,False,0
CUST0079,53,Female,84.14,annual,20,1,True,True,0
CUST0080,31,Male,86.4,annual,38,2,True,False,0
CUST0081,48,Female,83.95,monthly,25,1,False,True,0
CUST0082,65,Female,87.85,monthly,14,3,False,True,0
CUST0083,32,Female,101.58,annual,11,0,True,True,0
CUST0084,25,Female,78.93,monthly,32,3,False,False,1
CUST0085,31,Male,89.18,annual,11,2,True,False,0
CUST0086,40,Female,73.21,monthly,18,1,False,True,1
CUST0087,57,Male,103.8,monthly,27,1,False,False,0
CUST0088,38,Female,61.47,monthly,55,1,False,False,0
CUST0089,33,Female,111.02,monthly,54,0,False,False,0
CUST0090,62,Male,74.2,monthly,18,0,False,True,0
CUST0091,35,Female,46.38,monthly,56,6,False,False,0
CUST0092,64,Female,77.56,monthly,23,2,False,True,0
CUST0093,41,Female,61.38,monthly,11,1,False,False,1
CUST0094,43,Male,91.81,monthly,21,0,False,False,1
CUST0095,42,Female,61.95,annual,44,0,True,False,0
CUST0096,62,Male,66.08,annual,5,3,False,False,0
CUST0097,58,Female,37.21,monthly,23,0,False,True,1
CUST0098,46,Male,65.95,annual,41,2,True,True,1
CUST0099,32,Male,26.52,monthly,59,1,False,True,1
CUST0100,62,Female,43.32,monthly,25,3,False,True,1
CUST0101,18,Female,90.21,annual,41,2,False,True,0
CUST0102,42,Male,90.72,monthly,54,0,False,False,0
CUST0103,24,Male,83.51,monthly,10,1,False,False,0
CUST0104,26,Female,55.66,annual,22,3,False,True,0
CUST0105,41,Male,74.05,monthly,19,3,False,True,0
CUST0106,18,Female,74.93,annual,1,2,False,True,1
CUST0107,61,Female,51.83,annual,7,1,False,True,0
CUST0108,25,Female,105.07,monthly,4,1,False,True,0
CUST0109,41,Female,92.55,annual,1,1,False,False,1
CUST0110,28,Male,70.58,monthly,15,4,False,True,0
CUST0111,68,Female,75.54,monthly,40,0,False,False,1
CUST0112,34,Male,79.17,monthly,12,0,True,True,1
CUST0113,25,Female,34.17,annual,22,2,True,False,1
CUST0114,52,Male,70.06,monthly,22,1,False,False,0
CUST0115,52,Female,61.36,monthly,50,2,False,False,1
CUST0116,50,Male,54.97,monthly,47,2,True,False,0
CUST0117,22,Male,69.38,monthly,17,1,True,False,1
CUST0118,59,Female,110.95,monthly,29,4,True,False,0
CUST0119,56,Female,87.82,monthly,46,6,False,False,0
CUST0120,58,Female,63.58,monthly,14,4,True,True,0
CUST0121,45,Female,86.45,monthly,50,1,False,True,0
CUST0122,24,Male,102.99,annual,20,2,False,True,0
CUST0123,26,Female,93.49,monthly,50,2,False,False,1
CUST0124,25,Male,76.19,monthly,48,0,False,True,0
CUST0125,29,Male,62.06,annual,33,0,True,False,1
CUST0126,51,Female,88.96,monthly,55,0,False,False,1
CUST0127,50,Male,82.87,annual,59,1,False,True,0
CUST0128,65,Male,92.9,monthly,43,0,False,True,0
CUST0129,40,Male,87.7,annual,15,4,False,False,0
CUST0130,41,Male,95.99,monthly,12,2,False,True,0
CUST0131,54,Female,64.3,monthly,40,1,True,False,0
CUST0132,52,Female,101.35,monthly,54,2,False,True,0
CUST0133,61,Female,78.95,annual,20,0,True,False,0
CUST0134,57,Female,116.51,monthly,30,0,False,True,1
CUST0135,39,Male,61.22,monthly,38,1,True,False,1
CUST0136,44,Male,109.72,monthly,3,0,False,True,0
CUST0137,52,Female,78.96,monthly,28,2,False,True,0
CUST0138,18,Female,61.97,monthly,56,1,True,True,0
CUST0139,52,Female,65.32,monthly,26,2,False,True,0
CUST0140,54,Male,68.59,annual,30,0,True,False,0
CUST0141,64,Female,83.48,monthly,13,1,True,False,1
CUST0142,31,Female,85.46,monthly,13,0,False,True,1
CUST0143,20,Female,63.53,monthly,2,1,False,True,1
CUST0144,18,Male,74.51,monthly,37,2,False,True,0
CUST0145,22,Male,117.85,monthly,49,0,True,False,1
CUST0146,43,Male,109.55,monthly,38,0,False,False,1
CUST0147,31,Male,83.73,monthly,2,3,False,True,1
CUST0148,56,Male,75.76,monthly,36,2,False,False,0
CUST0149,44,Male,77.4,monthly,54,2,False,False,0
CUST0150,26,Male,87.27,annual,26,3,False,False,0
CUST0151,32,Male,54.54,annual,11,1,False,False,1
CUST0152,32,Female,69.85,monthly,8,1,False,False,0
CUST0153,43,Female,41.63,annual,44,2,False,False,0
CUST0154,59,Male,82.98,monthly,40,3,False,True,0
CUST0155,30,Male,87.94,monthly,43,1,True,False,1
CUST0156,68,Female,65.34,monthly,22,1,False,True,0
CUST0157,49,Male,106.48,monthly,20,2,False,True,0
CUST0158,56,Male,50.48,monthly,8,1,True,True,1
CUST0159,66,Male,45.71,monthly,29,1,True,False,1
CUST0160,69,Female,79.49,monthly,40,1,False,True,0
CUST0161,49,Female,95.94,monthly,26,0,True,True,0
CUST0162,21,Female,108.68,monthly,30,0,False,True,1
CUST0163,47,Female,65.82,monthly,17,0,False,True,1
CUST0164,54,Female,96.57,monthly,20,0,False,True,1
CUST0165,40,Male,74.23,monthly,52,4,True,False,0
CUST0166,56,Female,71.55,annual,55,1,False,False,0
CUST0167,62,Male,92.67,annual,16,1,False,True,0
CUST0168,32,Male,88.05,monthly,46,0,False,False,0
CUST0169,60,Female,43.47,annual,43,0,False,False,1
CUST0170,46,Female,104.53,monthly,7,2,False,True,0
CUST0171,53,Male,102.6,monthly,16,0,False,False,0
CUST0172,30,Male,62.49,monthly,45,1,False,False,1
CUST0173,49,Male,82.92,monthly,59,0,False,True,0
CUST0174,24,Female,84.88,annual,47,1,False,True,0
CUST0175,68,Female,80.21,monthly,56,1,True,False,0
CUST0176,39,Female,63.99,monthly,48,3,False,False,1
CUST0177,45,Female,61.57,monthly,27,2,False,True,0
CUST0178,19,Female,74.49,monthly,53,1,False,True,0
CUST0179,59,Male,98.45,annual,23,0,False,True,0
CUST0180,62,Female,85.87,monthly,24,1,True,False,1
CUST0181,23,Male,67.59,monthly,9,2,True,True,1
CUST0182,45,Male,90.43,monthly,35,3,True,True,0
CUST0183,45,Male,18.03,monthly,51,1,True,False,0
CUST0184,61,Female,97.98,monthly,20,0,False,True,0
CUST0185,61,Female,40.21,monthly,37,3,True,True,1
CUST0186,37,Female,67.75,monthly,42,1,True,True,1
CUST0187,47,Male,52.61,monthly,17,5,False,False,0
CUST0188,28,Male,49.11,annual,47,1,False,True,0
CUST0189,45,Male,98.22,annual,31,1,False,False,0
CUST0190,42,Male,65.65,monthly,55,5,False,True,0
CUST0191,56,Male,81.93,monthly,57,0,False,True,0
CUST0192,50,Male,74.06,monthly,8,2,True,True,1
CUST0193,18,Female,84.54,monthly,15,1,False,True,1
CUST0194,44,Female,76.54,monthly,31,1,True,False,0
CUST0195,69,Female,49.34,monthly,53,0,False,True,1
CUST0196,30,Female,94.93,monthly,30,0,False,False,1
CUST0197,58,Male,65.12,monthly,46,2,False,True,0
CUST0198,20,Male,43.87,monthly,20,2,False,False,1
CUST0199,56,Female,66.44,monthly,39,1,False,False,1
CUST0200,23,Male,105.02,monthly,53,3,True,False,1
CUST0201,25,Female,92.0,monthly,55,1,False,True,1
CUST0202,44,Female,68.03,monthly,12,0,False,True,0
CUST0203,26,Female,68.01,monthly,49,1,False,True,1
CUST0204,54,Male,68.57,monthly,17,1,True,False,1
CUST0205,50,Female,116.53,monthly,42,2,False,True,0
CUST0206,68,Female,82.64,monthly,30,3,False,False,1
CUST0207,59,Female,83.6,monthly,29,4,False,False,1
CUST0208,61,Male,95.61,annual,19,2,False,True,1
CUST0209,41,Male,79.78,monthly,46,0,False,False,1
CUST0210,32,Female,69.82,monthly,11,1,False,False,1
CUST0211,49,Male,71.07,monthly,34,2,False,False,1
CUST0212,49,Male,73.57,monthly,50,0,False,True,0
CUST0213,41,Male,74.26,monthly,7,0,False,True,1
CUST0214,58,Male,89.55,monthly,44,4,False,True,0
CUST0215,69,Male,76.04,monthly,58,2,True,False,0
CUST0216,66,Male,89.65,annual,34,3,True,False,0
CUST0217,66,Male,73.39,monthly,59,2,False,True,1
CUST0218,69,Male,76.57,monthly,20,0,True,False,1
CUST0219,29,Male,35.04,annual,50,1,False,True,0
CUST0220,56,Male,93.33,monthly,38,1,False,False,0
CUST0221,19,Female,81.93,annual,24,3,False,False,0
CUST0222,20,Female,94.96,monthly,10,1,False,False,1
CUST0223,66,Male,17.07,annual,32,0,False,False,0
CUST0224,54,Female,116.77,monthly,52,1,True,True,1
CUST0225,66,Female,72.21,monthly,15,0,False,True,0
CUST0226,34,Male,97.16,monthly,37,1,False,False,0
CUST0227,66,Male,54.2,monthly,20,1,False,True,1
CUST0228,19,Male,87.26,monthly,3,2,False,True,0
CUST0229,19,Female,53.93,monthly,37,1,False,False,0
CUST0230,45,Female,62.52,monthly,57,1,True,True,0
CUST0231,40,Male,113.28,monthly,40,1,False,False,0
CUST0232,54,Male,71.19,monthly,8,1,False,False,0
CUST0233,49,Male,79.35,monthly,40,1,True,False,0
CUST0234,50,Female,92.4,annual,44,1,False,False,1
CUST0235,18,Female,84.91,monthly,56,1,False,False,0
CUST0236,36,Female,78.01,annual,23,0,False,False,1
CUST0237,19,Female,82.3,monthly,40,1,True,False,1
CUST0238,61,Male,123.07,monthly,11,0,True,True,1
CUST0239,43,Male,73.85,monthly,46,1,False,False,0
CUST0240,49,Male,79.02,monthly,8,0,True,False,0
CUST0241,23,Male,96.01,monthly,29,2,False,True,0
CUST0242,49,Female,97.11,monthly,30,1,False,True,0
CUST0243,21,Female,98.74,monthly,56,1,False,False,0
CUST0244,28,Male,87.77,annual,10,0,False,True,0
CUST0245,34,Male,52.14,monthly,39,1,False,False,0
CUST0246,55,Female,107.67,monthly,28,3,True,False,0
CUST0247,41,Male,52.07,monthly,49,1,False,True,1
CUST0248,22,Female,81.05,monthly,36,0,False,False,0
CUST0249,69,Male,59.91,monthly,13,0,False,True,0
CUST0250,51,Male,73.72,monthly,32,2,False,False,0
CUST0251,23,Male,81.58,monthly,36,2,False,True,0
CUST0252,39,Male,81.43,monthly,37,1,False,False,0
CUST0253,28,Male,83.44,monthly,26,4,True,True,0
CUST0254,65,Male,107.27,annual,22,1,True,True,0
CUST0255,33,Male,84.07,annual,4,2,False,True,1
CUST0256,50,Female,70.12,monthly,31,1,False,True,0
CUST0257,26,Female,94.28,monthly,18,1,False,True,0
CUST0258,23,Female,98.79,monthly,38,5,False,True,1
CUST0259,33,Female,50.45,annual,24,1,False,True,0
CUST0260,46,Female,86.95,monthly,56,0,False,False,0
CUST0261,20,Male,89.02,monthly,23,1,False,False,0
CUST0262,37,Male,69.05,monthly,22,0,True,False,0
CUST0263,53,Female,102.51,monthly,2,0,False,False,0
CUST0264,36,Male,72.0,monthly,31,0,False,True,0
CUST0265,43,Female,77.51,monthly,55,1,True,True,0
CUST0266,20,Female,71.54,monthly,11,0,False,True,0
CUST0267,36,Male,75.31,monthly,28,1,False,False,1
CUST0268,37,Male,53.07,monthly,46,1,True,False,1
CUST0269,49,Male,46.2,monthly,32,3,False,True,1
CUST0270,24,Female,106.89,monthly,5,1,False,True,0
CUST0271,69,Male,58.06,monthly,38,1,True,True,0
CUST0272,58,Female,55.17,annual,10,1,False,False,0
CUST0273,50,Female,31.93,monthly,40,0,True,False,1
CUST0274,57,Female,62.22,monthly,46,1,False,True,0
CUST0275,56,Male,48.54,monthly,24,0,True,True,0
CUST0276,35,Male,107.84,monthly,35,3,False,False,0
CUST0277,57,Female,95.2,monthly,44,1,False,False,0
CUST0278,18,Male,61.24,monthly,48,0,True,True,0
CUST0279,28,Male,120.05,annual,23,1,False,False,0
CUST0280,45,Male,94.64,monthly,17,1,False,True,0
CUST0281,42,Female,68.5,monthly,1,5,False,False,1
CUST0282,67,Female,25.01,monthly,55,1,False,False,1
CUST0283,40,Male,120.82,monthly,31,2,False,True,0
CUST0284,48,Female,47.21,monthly,31,2,True,True,0
CUST0285,47,Male,42.09,monthly,42,1,True,False,1
CUST0286,59,Male,95.45,monthly,57,2,False,True,0
CUST0287,52,Male,123.8,monthly,55,3,False,False,0
CUST0288,24,Male,102.69,monthly,42,1,False,False,0
CUST0289,33,Female,86.28,monthly,53,2,False,False,1
CUST0290,43,Female,86.9,monthly,56,1,False,True,0
CUST0291,65,Female,92.07,monthly,34,1,False,True,0
CUST0292,69,Male,90.18,annual,9,0,False,False,0
CUST0293,66,Male,80.62,monthly,22,0,True,True,1
CUST0294,19,Male,77.08,monthly,13,0,False,False,1
CUST0295,18,Female,73.75,monthly,25,1,False,False,0
CUST0296,65,Male,59.92,monthly,48,1,False,True,1
CUST0297,29,Female,69.39,monthly,18,3,True,False,1
CUST0298,22,Female,41.14,monthly,51,3,False,True,1
CUST0299,54,Female,73.03,annual,12,3,False,True,0
CUST0300,49,Female,55.23,monthly,40,2,True,False,0
CUST0301,26,Female,52.93,monthly,17,0,False,False,1
CUST0302,58,Female,78.6,monthly,15,0,False,True,1
CUST0303,52,Male,102.84,annual,42,3,False,False,0
CUST0304,36,Male,93.37,monthly,15,1,False,True,0
CUST0305,65,Female,43.59,monthly,15,5,False,True,1
CUST0306,33,Female,55.21,monthly,55,3,True,True,0
CUST0307,20,Male,93.82,monthly,39,1,True,False,0
CUST0308,37,Female,55.35,monthly,13,1,False,True,0
CUST0309,41,Female,70.51,monthly,17,1,False,True,0
CUST0310,50,Male,86.0,monthly,32,2,True,True,0
CUST0311,41,Female,55.63,monthly,9,3,False,False,1
CUST0312,69,Female,77.11,monthly,40,4,False,True,0
CUST0313,28,Female,48.32,monthly,20,0,False,True,1
CUST0314,66,Male,62.97,monthly,26,1,True,True,0
CUST0315,25,Male,81.4,annual,27,0,False,False,0
CUST0316,53,Male,43.14,annual,21,0,True,False,0
CUST0317,55,Female,83.81,monthly,18,1,False,True,0
CUST0318,57,Female,74.61,annual,13,0,False,False,1
CUST0319,37,Male,86.05,monthly,16,1,False,True,0
CUST0320,52,Female,79.48,monthly,9,1,True,False,1
CUST0321,65,Female,102.28,monthly,12,2,True,True,1
CUST0322,42,Female,77.5,monthly,44,1,False,True,1
CUST0323,52,Female,66.41,monthly,38,4,False,True,1
CUST0324,42,Female,77.45,monthly,19,1,False,False,1
CUST0325,46,Male,85.87,monthly,7,3,False,False,0
CUST0326,35,Female,75.98,monthly,57,1,False,True,0
CUST0327,63,Male,75.81,monthly,35,0,False,False,0
CUST0328,35,Female,60.96,monthly,48,1,True,True,1
CUST0329,19,Male,61.74,monthly,18,2,True,True,0
CUST0330,52,Female,46.95,monthly,16,2,True,True,0
CUST0331,33,Male,109.99,annual,55,5,False,False,0
CUST0332,58,Female,50.12,annual,39,1,False,False,0
CUST0333,53,Male,61.14,monthly,4,1,False,True,0
CUST0334,50,Female,60.63,annual,59,2,True,True,0
CUST0335,21,Male,92.9,monthly,25,2,True,True,0
CUST0336,50,Female,69.1,annual,32,1,True,True,0
CUST0337,31,Male,99.95,monthly,40,1,False,True,0
CUST0338,38,Male,61.53,monthly,13,0,False,True,0
CUST0339,65,Female,80.58,monthly,45,3,False,True,0
CUST0340,37,Female,58.29,monthly,17,3,True,True,0
CUST0341,25,Male,117.9,monthly,49,1,True,True,0
CUST0342,24,Female,51.25,monthly,37,2,True,True,0
CUST0343,20,Male,81.2,monthly,6,1,True,True,1
CUST0344,34,Male,87.68,monthly,19,3,False,False,1
CUST0345,50,Male,83.28,monthly,13,2,True,True,1
CUST0346,65,Female,71.29,annual,57,1,False,False,0
CUST0347,29,Male,72.4,monthly,26,0,False,True,0
CUST0348,68,Male,75.88,monthly,14,1,False,True,0
CUST0349,39,Female,72.06,monthly,31,2,False,True,0
CUST0350,39,Female,94.28,monthly,54,1,False,True,0
CUST0351,63,Female,119.21,monthly,4,1,True,True,0
CUST0352,47,Female,63.85,annual,39,1,False,False,0
CUST0353,55,Male,47.6,monthly,8,4,False,True,0
CUST0354,55,Male,73.23,monthly,25,2,True,True,0
CUST0355,62,Male,126.59,annual,13,2,False,False,1
CUST0356,68,Male,58.93,monthly,32,3,False,True,0
CUST0357,25,Female,107.78,monthly,59,1,False,False,0
CUST0358,44,Male,108.55,monthly,38,1,True,True,1
CUST0359,44,Male,63.93,monthly,38,1,True,False,0
CUST0360,51,Female,86.38,monthly,56,0,False,True,0
CUST0361,38,Male,107.57,monthly,28,2,True,True,0
CUST0362,47,Male,67.42,monthly,53,1,False,False,1
CUST0363,50,Male,70.93,annual,30,0,False,True,0
CUST0364,45,Male,63.37,monthly,3,0,True,True,1
CUST0365,64,Male,54.7,monthly,28,2,False,False,1
CUST0366,50,Male,62.01,monthly,3,4,False,True,1
CUST0367,22,Female,50.52,monthly,45,3,True,True,1
CUST0368,65,Female,75.68,monthly,54,1,False,False,1
CUST0369,36,Male,59.6,monthly,34,3,False,True,1
CUST0370,21,Male,79.68,annual,16,1,False,False,1
CUST0371,52,Female,43.88,monthly,22,2,False,False,0
CUST0372,66,Male,81.62,monthly,32,0,False,True,1
CUST0373,34,Male,91.67,monthly,38,1,False,True,0
CUST0374,61,Male,35.13,monthly,8,2,False,True,0
CUST0375,45,Female,82.48,monthly,55,2,False,True,0
CUST0376,47,Male,99.55,monthly,8,3,False,False,0
CUST0377,46,Female,50.81,monthly,57,2,False,True,0
CUST0378,63,Male,108.45,monthly,6,3,True,True,0
CUST0379,23,Female,83.38,annual,14,4,False,False,1
CUST0380,52,Female,60.9,annual,32,4,False,False,0
CUST0381,58,Male,73.88,monthly,35,3,True,True,0
CUST0382,54,Female,86.17,annual,10,3,False,True,0
CUST0383,41,Male,76.52,monthly,3,3,True,False,1
CUST0384,46,Female,85.78,annual,59,1,True,False,0
CUST0385,66,Male,56.59,monthly,12,1,False,False,0
CUST0386,63,Male,78.39,annual,49,1,False,True,0
CUST0387,48,Female,46.73,annual,59,1,True,True,0
CUST0388,52,Male,72.78,monthly,31,1,False,True,1
CUST0389,50,Male,56.92,annual,29,3,False,True,0
CUST0390,69,Female,60.29,monthly,5,0,True,False,1
CUST0391,38,Male,99.72,monthly,52,0,False,False,1
CUST0392,49,Male,96.83,monthly,25,1,False,False,0
CUST0393,40,Female,87.18,monthly,41,1,False,True,1
CUST0394,50,Female,53.15,monthly,31,2,False,False,1
CUST0395,20,Male,68.67,monthly,21,2,False,False,1
CUST0396,35,Male,99.26,annual,58,3,True,False,0
CUST0397,42,Female,77.83,monthly,20,1,True,True,0
CUST0398,59,Female,121.39,monthly,39,0,False,True,0
CUST0399,48,Male,82.87,annual,22,2,False,False,0
CUST0400,20,Female,78.84,annual,4,1,True,True,1
CUST0401,57,Male,68.82,annual,13,1,False,False,0
CUST0402,63,Male,77.67,monthly,45,0,False,True,0
CUST0403,41,Male,71.95,annual,42,2,True,False,0
CUST0404,67,Male,89.16,monthly,50,0,True,False,1
CUST0405,49,Male,94.13,monthly,49,1,False,False,1
CUST0406,64,Female,59.28,monthly,20,0,False,True,0
CUST0407,39,Female,48.38,monthly,52,1,True,False,1
CUST0408,40,Female,38.28,monthly,13,2,False,False,0
CUST0409,19,Female,85.16,monthly,17,2,False,True,1
CUST0410,44,Male,52.93,monthly,54,2,False,False,1
CUST0411,59,Male,31.94,monthly,36,1,True,True,1
CUST0412,19,Male,82.77,monthly,33,6,False,True,0
CUST0413,43,Male,124.86,monthly,1,1,False,True,1
CUST0414,34,Female,74.88,monthly,15,2,False,False,1
CUST0415,57,Male,91.77,monthly,13,0,False,True,1
CUST0416,50,Male,76.64,monthly,17,2,False,False,1
CUST0417,26,Female,73.02,monthly,24,2,False,True,1
CUST0418,60,Female,93.38,annual,58,0,False,True,0
CUST0419,65,Female,69.19,monthly,8,0,True,False,0
CUST0420,56,Female,80.35,monthly,50,2,True,False,0
CUST0421,46,Male,81.43,monthly,27,1,False,False,1
CUST0422,59,Male,61.64,monthly,45,1,True,True,1
CUST0423,43,Female,94.84,annual,23,2,True,True,1
CUST0424,52,Male,71.5,monthly,46,3,False,False,0
CUST0425,67,Male,59.89,monthly,8,2,True,False,0
CUST0426,42,Male,85.73,monthly,8,0,True,True,1
CUST0427,41,Female,57.03,monthly,59,0,True,True,0
CUST0428,30,Male,75.56,monthly,26,1,False,False,0
CUST0429,24,Female,74.82,monthly,47,1,False,True,1
CUST0430,53,Male,96.72,monthly,59,4,False,False,1
CUST0431,62,Male,84.49,monthly,13,2,False,True,0
CUST0432,37,Male,74.5,monthly,39,3,False,True,0
CUST0433,18,Female,91.36,annual,37,0,False,False,0
CUST0434,25,Male,102.8,annual,49,2,False,True,0
CUST0435,63,Female,86.16,monthly,28,0,False,True,0
CUST0436,33,Female,75.21,monthly,25,2,False,False,1
CUST0437,31,Female,48.76,monthly,16,1,True,True,0
CUST0438,29,Male,53.7,monthly,55,2,True,True,0
CUST0439,68,Male,68.9,monthly,2,3,True,False,1
CUST0440,40,Male,62.81,annual,54,0,False,True,1
CUST0441,32,Male,71.26,annual,18,1,False,True,0
CUST0442,45,Female,76.13,monthly,17,5,False,True,1
CUST0443,51,Female,85.59,monthly,30,1,True,True,1
CUST0444,19,Female,73.59,monthly,39,0,False,False,0
CUST0445,49,Male,84.73,monthly,13,0,False,False,1
CUST0446,40,Female,76.29,monthly,32,2,False,True,0
CUST0447,39,Male,35.49,monthly,50,3,False,False,1
CUST0448,68,Female,56.21,monthly,29,0,False,False,0
CUST0449,42,Male,72.12,monthly,46,4,False,True,1
CUST0450,39,Male,50.81,monthly,30,0,False,False,0
CUST0451,39,Female,87.0,annual,18,1,False,True,0
CUST0452,66,Female,105.62,monthly,13,1,True,False,1
CUST0453,69,Female,99.38,monthly,43,0,True,False,0
CUST0454,59,Female,70.73,monthly,21,1,False,True,0
CUST0455,23,Male,104.81,monthly,30,1,True,True,0
CUST0456,32,Female,77.97,monthly,21,2,False,True,0
CUST0457,60,Female,68.26,monthly,48,2,True,True,0
CUST0458,54,Female,62.73,annual,55,3,False,True,1
CUST0459,50,Male,68.95,monthly,17,0,False,False,0
CUST0460,25,Male,67.24,annual,40,2,False,True,1
CUST0461,61,Female,78.41,monthly,19,3,False,True,0
CUST0462,61,Male,78.21,monthly,52,1,False,False,0
CUST0463,22,Female,75.06,monthly,15,0,False,True,1
CUST0464,56,Male,83.74,monthly,9,1,True,False,1
CUST0465,21,Male,98.81,monthly,52,1,False,False,0
CUST0466,23,Male,93.99,monthly,10,1,True,True,0
CUST0467,62,Male,45.3,monthly,44,1,False,True,1
CUST0468,49,Female,23.92,annual,31,3,False,True,1
CUST0469,69,Female,93.69,annual,53,1,False,False,0
CUST0470,47,Female,47.66,annual,23,1,False,True,1
CUST0471,64,Male,70.5,monthly,52,2,False,False,1
CUST0472,52,Female,51.6,monthly,30,2,False,False,1
CUST0473,57,Female,38.96,monthly,33,2,False,True,1
CUST0474,69,Female,85.83,monthly,57,2,False,False,0
CUST0475,33,Male,90.18,monthly,52,2,False,True,0
CUST0476,30,Male,63.47,monthly,9,2,False,False,0
CUST0477,67,Male,23.18,monthly,54,2,False,True,1
CUST0478,59,Female,64.08,monthly,47,3,False,False,0
CUST0479,47,Female,82.84,annual,1,1,False,True,0
CUST0480,36,Female,45.42,monthly,44,3,False,False,1
CUST0481,34,Male,78.67,monthly,35,0,False,True,0
CUST0482,36,Male,74.69,monthly,11,1,True,True,0
CUST0483,45,Female,86.59,annual,34,0,False,True,0
CUST0484,43,Male,77.39,monthly,16,1,False,True,0
CUST0485,54,Male,55.54,monthly,9,0,False,False,0
CUST0486,43,Male,98.93,annual,32,1,False,False,1
CUST0487,40,Male,71.83,annual,15,0,False,True,0
CUST0488,26,Female,74.45,monthly,12,1,True,True,1
CUST0489,29,Male,56.33,monthly,33,1,False,True,0
CUST0490,18,Male,66.13,monthly,45,5,False,True,0
CUST0491,18,Male,57.3,monthly,14,0,True,True,0
CUST0492,64,Male,71.54,monthly,57,2,True,True,0
CUST0493,51,Female,109.23,annual,57,0,False,True,0
CUST0494,49,Female,47.56,monthly,8,2,False,True,1
CUST0495,65,Male,42.73,monthly,8,1,False,False,1
CUST0496,42,Male,104.42,monthly,27,1,True,True,0
CUST0497,57,Male,70.81,monthly,12,2,True,True,0
CUST0498,62,Male,61.62,monthly,1,2,False,False,0
CUST0499,18,Male,95.8,monthly,43,1,False,False,1
CUST0500,33,Male,62.89,monthly,40,1,False,True,1
CUST0501,56,Female,111.52,monthly,42,4,False,False,0
CUST0502,22,Male,88.56,monthly,51,2,True,False,0
CUST0503,39,Female,65.24,monthly,11,4,False,True,1
CUST0504,46,Female,118.15,annual,39,1,True,True,0
CUST0505,20,Male,62.89,monthly,43,1,False,True,0
CUST0506,29,Female,89.84,monthly,31,0,False,True,1
CUST0507,43,Female,80.99,monthly,17,1,True,True,0
CUST0508,33,Female,101.03,monthly,33,2,True,False,0
CUST0509,68,Female,106.23,monthly,32,1,True,True,0
CUST0510,54,Female,75.64,monthly,58,1,False,True,0
CUST0511,39,Female,59.93,annual,29,1,False,True,0
CUST0512,46,Male,84.2,monthly,21,2,True,True,0
CUST0513,31,Female,61.45,monthly,21,3,False,False,1
CUST0514,45,Female,115.27,monthly,40,1,True,True,1
CUST0515,22,Female,77.73,annual,23,1,False,False,0
CUST0516,64,Male,67.69,monthly,56,0,False,True,0
CUST0517,66,Female,78.69,monthly,6,2,False,True,1
CUST0518,47,Male,48.06,monthly,22,1,False,False,1
CUST0519,63,Female,55.57,monthly,50,1,False,True,1
CUST0520,69,Male,99.01,annual,38,3,False,True,0
CUST0521,22,Male,61.86,monthly,37,1,False,False,1
CUST0522,29,Female,54.06,monthly,45,2,False,True,0
CUST0523,33,Female,85.73,annual,51,1,True,False,0
CUST0524,43,Male,98.71,annual,54,1,True,False,1
CUST0525,43,Female,89.38,annual,8,1,False,True,0
CUST0526,65,Male,94.92,monthly,41,1,False,True,0
CUST0527,38,Male,59.86,monthly,49,4,False,True,1
CUST0528,56,Male,46.56,monthly,35,2,False,True,1
CUST0529,53,Male,105.03,monthly,51,1,False,False,1
CUST0530,50,Male,68.55,monthly,11,2,False,False,1
CUST0531,47,Female,69.98,monthly,24,3,False,True,0
CUST0532,54,Male,101.56,monthly,49,2,False,True,0
CUST0533,40,Male,86.12,monthly,21,1,False,True,0
CUST0534,27,Female,84.12,monthly,51,3,True,True,0
CUST0535,22,Male,118.3,monthly,2,3,False,False,1
CUST0536,53,Female,62.13,annual,40,2,False,True,1
CUST0537,51,Female,93.56,monthly,19,0,False,False,0
CUST0538,69,Female,76.14,monthly,39,2,True,False,1
CUST0539,48,Male,80.37,monthly,28,0,True,False,1
CUST0540,27,Male,105.57,monthly,59,0,False,True,0
CUST0541,36,Male,85.16,monthly,17,2,False,False,1
CUST0542,49,Female,85.77,monthly,6,3,False,False,0
CUST0543,18,Male,96.45,monthly,19,0,False,False,1
CUST0544,22,Female,67.7,monthly,56,3,False,True,0
CUST0545,62,Male,58.22,monthly,38,0,False,True,0
CUST0546,21,Female,54.1,monthly,28,0,True,False,0
CUST0547,33,Male,35.67,annual,2,2,False,True,1
CUST0548,41,Male,116.12,annual,38,1,False,True,0
CUST0549,33,Male,52.94,monthly,55,0,True,False,0
CUST0550,19,Female,70.57,monthly,37,1,False,True,0
CUST0551,66,Female,69.46,monthly,51,2,False,True,0
CUST0552,45,Male,81.15,annual,52,0,False,True,0
CUST0553,49,Male,91.31,monthly,4,3,False,False,1
CUST0554,44,Female,92.21,monthly,22,0,False,True,0
CUST0555,37,Female,63.34,annual,26,0,True,False,0
CUST0556,41,Female,71.66,monthly,49,0,False,True,0
CUST0557,29,Male,80.65,annual,43,2,False,True,1
CUST0558,67,Female,70.03,monthly,36,1,False,False,0
CUST0559,52,Male,107.15,monthly,58,0,False,True,0
CUST0560,50,Female,84.82,monthly,13,4,True,False,1
CUST0561,50,Male,89.7,annual,52,3,True,True,0
CUST0562,68,Female,88.26,annual,58,1,False,True,1
CUST0563,60,Female,98.47,monthly,32,1,True,True,0
CUST0564,54,Female,78.62,monthly,17,2,False,True,1
CUST0565,29,Female,49.06,monthly,41,1,False,False,0
CUST0566,20,Female,82.99,annual,36,5,False,False,0
CUST0567,18,Male,61.97,monthly,55,2,False,True,0
CUST0568,50,Female,64.43,monthly,46,0,False,True,0
CUST0569,57,Female,86.73,monthly,19,0,False,False,1
CUST0570,27,Female,99.77,monthly,58,0,True,True,1
CUST0571,60,Male,75.43,monthly,35,3,True,True,0
CUST0572,61,Female,81.18,monthly,46,1,True,False,1
CUST0573,46,Male,109.04,monthly,40,4,False,False,1
CUST0574,30,Female,79.82,annual,56,3,True,False,0
CUST0575,29,Female,127.03,monthly,59,3,False,False,0
CUST0576,48,Male,86.31,monthly,28,2,False,False,0
CUST0577,63,Female,39.78,annual,1,1,False,True,1
CUST0578,19,Male,90.07,monthly,42,0,True,True,0
CUST0579,68,Male,82.62,monthly,18,0,False,True,1
CUST0580,67,Female,100.8,monthly,48,0,True,False,0
CUST0581,52,Male,88.46,annual,40,1,False,False,0
CUST0582,40,Female,72.23,monthly,33,1,False,False,0
CUST0583,34,Female,50.51,annual,12,1,False,False,1
CUST0584,43,Male,70.82,monthly,8,1,False,False,0
CUST0585,25,Male,57.99,monthly,24,2,True,False,1
CUST0586,46,Male,63.39,monthly,16,1,False,True,1
CUST0587,43,Male,86.77,annual,50,1,False,False,0
CUST0588,27,Female,108.4,monthly,4,1,False,True,1
CUST0589,43,Female,82.89,annual,38,2,False,True,0
CUST0590,51,Male,51.08,monthly,44,0,False,False,0
CUST0591,68,Female,83.89,monthly,27,1,False,False,0
CUST0592,58,Female,98.93,monthly,9,0,False,True,0
CUST0593,24,Female,62.8,annual,47,0,False,True,0
CUST0594,21,Female,72.32,monthly,16,0,False,False,0
CUST0595,67,Male,75.29,monthly,56,2,False,False,1
CUST0596,62,Male,59.3,monthly,12,3,False,False,0
CUST0597,28,Female,87.97,annual,31,3,True,True,0
CUST0598,46,Male,72.58,monthly,24,0,True,True,0
CUST0599,53,Male,83.39,monthly,55,1,False,True,0
CUST0600,42,Male,57.25,monthly,14,1,False,True,0
CUST0601,38,Female,66.25,monthly,45,2,False,True,1
CUST0602,53,Female,89.45,monthly,25,2,True,False,1
CUST0603,27,Female,67.54,annual,34,1,True,True,0
CUST0604,54,Male,109.54,annual,3,0,False,True,0
CUST0605,26,Female,67.01,monthly,58,1,False,True,0
CUST0606,41,Female,79.49,monthly,24,1,True,True,0
CUST0607,52,Male,93.65,monthly,54,1,False,False,1
CUST0608,66,Female,46.63,monthly,42,1,False,False,0
CUST0609,52,Female,39.78,monthly,9,2,False,False,0
CUST0610,65,Male,44.49,monthly,26,3,False,True,0
CUST0611,53,Male,100.25,monthly,20,2,False,True,0
CUST0612,35,Male,63.96,monthly,40,0,False,True,0
CUST0613,66,Female,126.16,monthly,10,2,False,True,0
CUST0614,56,Female,63.72,monthly,19,0,True,False,0
CUST0615,49,Female,78.69,monthly,3,2,False,True,0
CUST0616,41,Male,105.84,monthly,24,2,False,False,0
CUST0617,40,Male,115.12,monthly,5,1,False,True,0
CUST0618,49,Female,116.23,monthly,3,2,False,False,0
CUST0619,54,Female,99.17,monthly,58,0,False,False,0
CUST0620,29,Male,95.48,monthly,27,1,False,False,0
CUST0621,66,Male,86.85,monthly,16,1,True,True,0
CUST0622,30,Male,90.57,monthly,49,0,False,False,1
CUST0623,40,Male,63.98,monthly,15,1,False,False,0
CUST0624,42,Female,58.64,annual,35,2,False,True,0
CUST0625,52,Male,74.93,monthly,12,1,False,True,0
CUST0626,58,Female,71.6,monthly,41,3,False,False,0
CUST0627,47,Female,65.94,monthly,53,1,True,False,1
CUST0628,34,Female,88.93,monthly,44,1,False,True,1
CUST0629,66,Male,94.11,monthly,26,1,False,True,1
CUST0630,37,Male,76.77,monthly,47,1,False,False,0
CUST0631,65,Male,104.55,monthly,34,1,False,True,0
CUST0632,42,Male,52.17,monthly,23,1,False,True,0
CUST0633,39,Female,71.13,monthly,31,2,False,True,0
CUST0634,30,Male,60.66,monthly,50,0,False,False,0
CUST0635,36,Male,37.67,annual,20,2,True,True,1
CUST0636,66,Female,73.35,monthly,12,5,False,False,1
CUST0637,53,Male,72.57,monthly,23,0,True,True,0
CUST0638,29,Female,105.27,monthly,4,2,True,False,0
CUST0639,58,Female,87.62,annual,23,1,True,False,0
CUST0640,36,Female,54.52,monthly,48,1,False,True,0
CUST0641,29,Female,112.08,monthly,55,1,False,True,0
CUST0642,26,Female,99.42,monthly,48,1,True,True,1
CUST0643,24,Female,86.64,monthly,1,2,True,True,0
CUST0644,45,Female,70.47,monthly,54,0,False,False,0
CUST0645,31,Female,55.81,monthly,25,1,True,True,0
CUST0646,48,Male,67.56,monthly,2,1,False,False,1
CUST0647,69,Male,96.77,monthly,30,1,True,True,0
CUST0648,36,Male,112.69,monthly,3,2,False,True,0
CUST0649,64,Male,105.86,monthly,58,1,False,True,1
CUST0650,33,Female,65.22,monthly,21,1,False,True,0
CUST0651,22,Male,52.61,monthly,25,2,False,True,1
CUST0652,52,Female,77.82,monthly,20,1,False,False,0
CUST0653,29,Male,39.63,annual,49,2,True,True,0
CUST0654,42,Male,81.46,monthly,52,1,False,True,0
CUST0655,69,Male,72.05,monthly,22,1,False,False,1
CUST0656,38,Female,65.68,monthly,21,2,True,False,1
CUST0657,53,Male,43.11,annual,33,1,True,True,1
CUST0658,40,Female,85.27,monthly,52,1,False,False,1
CUST0659,33,Female,64.35,monthly,38,0,True,True,1
CUST0660,56,Male,51.6,monthly,15,2,False,False,0
CUST0661,62,Male,17.55,monthly,58,1,False,False,1
CUST0662,59,Male,74.45,monthly,58,2,False,False,0
CUST0663,56,Female,110.45,monthly,46,2,False,False,1
CUST0664,31,Male,108.23,monthly,52,1,False,True,0
CUST0665,48,Female,65.86,annual,15,2,True,False,0
CUST0666,22,Female,62.96,monthly,46,3,False,True,0
CUST0667,52,Male,84.38,monthly,25,4,True,True,0
CUST0668,40,Male,55.03,monthly,21,1,False,True,1
CUST0669,46,Female,81.04,monthly,24,4,False,False,1
CUST0670,60,Female,90.32,monthly,57,0,True,False,0
CUST0671,28,Female,99.54,monthly,58,1,False,True,0
CUST0672,35,Male,73.0,monthly,5,0,True,False,0
CUST0673,64,Female,70.93,annual,6,0,False,False,0
CUST0674,29,Male,57.44,annual,49,3,False,True,0
CUST0675,26,Female,58.46,monthly,43,1,False,True,0
CUST0676,27,Female,70.47,monthly,48,2,True,False,0
CUST0677,61,Male,82.35,annual,44,0,False,True,0
CUST0678,34,Female,93.27,monthly,47,0,False,True,1
CUST0679,55,Male,58.94,annual,23,3,False,False,1
CUST0680,24,Male,104.85,monthly,4,2,False,False,0
CUST0681,63,Female,69.58,monthly,27,2,True,False,0
CUST0682,30,Male,74.57,monthly,18,6,False,False,1
CUST0683,57,Male,60.06,monthly,21,0,False,True,0
CUST0684,59,Female,26.52,monthly,28,2,False,True,0
CUST0685,26,Male,92.68,monthly,35,0,False,False,0
CUST0686,67,Male,89.74,monthly,22,0,False,True,1
CUST0687,44,Male,69.37,monthly,40,5,False,False,0
CUST0688,19,Female,76.34,monthly,23,2,True,True,0
CUST0689,22,Male,85.32,annual,3,2,True,True,0
CUST0690,46,Female,43.75,monthly,40,2,False,True,0
CUST0691,54,Female,64.42,annual,50,1,False,False,0
CUST0692,55,Male,90.89,monthly,10,3,False,True,1
CUST0693,36,Male,49.91,monthly,25,2,False,True,0
CUST0694,25,Male,80.87,annual,52,3,False,True,0
CUST0695,65,Female,47.87,monthly,49,2,True,False,0
CUST0696,62,Male,84.33,monthly,8,0,False,True,0
CUST0697,18,Male,74.29,monthly,55,1,False,True,0
CUST0698,39,Male,42.7,monthly,11,0,True,True,1
CUST0699,69,Male,98.29,monthly,5,2,True,False,0
CUST0700,34,Male,60.31,annual,58,3,False,True,1
CUST0701,24,Female,58.79,monthly,45,5,True,True,0
CUST0702,42,Female,79.01,monthly,53,1,False,True,0
CUST0703,62,Male,97.97,monthly,55,2,True,True,0
CUST0704,21,Male,54.68,monthly,37,1,False,False,0
CUST0705,53,Male,76.23,monthly,56,1,False,True,1
CUST0706,23,Male,83.58,monthly,59,2,False,False,0
CUST0707,48,Female,88.86,monthly,45,3,True,False,0
CUST0708,36,Male,78.53,monthly,38,2,True,True,0
CUST0709,61,Female,67.66,monthly,29,1,False,False,0
CUST0710,56,Female,58.45,monthly,5,1,False,False,0
CUST0711,44,Male,76.72,monthly,9,2,True,False,0
CUST0712,27,Female,53.56,monthly,59,1,True,True,0
CUST0713,43,Female,16.57,annual,48,1,False,True,0
CUST0714,36,Female,83.73,monthly,2,2,False,True,0
CUST0715,56,Female,93.08,monthly,1,0,True,False,0
CUST0716,20,Male,27.74,monthly,40,1,True,True,1
CUST0717,62,Male,54.81,monthly,51,2,False,True,0
CUST0718,30,Female,87.38,monthly,30,4,False,True,1
CUST0719,67,Male,116.15,monthly,11,0,False,True,1
CUST0720,45,Male,75.42,monthly,28,2,False,True,0
CUST0721,37,Male,60.44,monthly,44,2,True,True,0
CUST0722,45,Male,71.34,monthly,12,1,False,True,1
CUST0723,25,Male,102.5,monthly,39,1,False,False,0
CUST0724,58,Female,62.08,monthly,26,1,False,True,0
CUST0725,56,Male,59.02,monthly,13,2,False,False,0
CUST0726,18,Male,65.35,annual,59,2,True,True,0
CUST0727,20,Male,55.93,annual,8,2,False,True,0
CUST0728,30,Male,77.45,annual,54,2,False,False,0
CUST0729,45,Female,107.49,annual,28,1,False,False,1
CUST0730,66,Female,81.46,annual,58,3,False,True,1
CUST0731,42,Female,69.95,monthly,30,1,True,False,1
CUST0732,50,Female,69.16,monthly,9,0,False,False,1
CUST0733,55,Male,43.74,monthly,39,1,False,False,0
CUST0734,23,Female,92.66,monthly,31,0,False,True,0
CUST0735,61,Male,73.44,monthly,58,0,False,True,0
CUST0736,62,Male,71.39,monthly,21,0,False,False,0
CUST0737,49,Male,138.86,monthly,56,0,False,False,1
CUST0738,62,Male,80.98,monthly,47,0,True,True,0
CUST0739,64,Male,59.96,annual,34,1,True,False,0
CUST0740,38,Female,66.47,monthly,55,0,False,True,1
CUST0741,33,Female,97.97,monthly,31,1,True,True,1
CUST0742,38,Female,77.27,monthly,52,0,False,True,0
CUST0743,28,Female,46.23,monthly,25,0,False,False,0
CUST0744,54,Male,93.38,annual,12,2,False,True,0
CUST0745,53,Female,61.64,monthly,1,0,True,False,0
CUST0746,52,Male,112.47,monthly,55,2,False,True,0
CUST0747,36,Female,96.6,monthly,22,3,True,False,1
CUST0748,37,Male,66.05,monthly,40,0,False,False,1
CUST0749,35,Male,100.62,monthly,37,0,False,False,0
CUST0750,64,Female,76.36,monthly,47,1,False,False,0
CUST0751,58,Male,92.06,monthly,1,3,False,True,0
CUST0752,66,Male,84.69,monthly,1,3,True,True,0
CUST0753,31,Female,58.07,monthly,57,0,False,True,0
CUST0754,32,Male,62.13,annual,42,0,True,True,0
CUST0755,48,Female,95.6,monthly,54,1,False,False,0
CUST0756,18,Female,68.3,annual,42,2,True,True,0
CUST0757,20,Female,66.93,monthly,21,1,False,True,1
CUST0758,33,Male,55.9,monthly,15,4,False,True,0
CUST0759,40,Male,83.47,monthly,17,0,False,True,0
CUST0760,28,Male,116.25,monthly,22,2,False,True,0
CUST0761,29,Female,53.65,monthly,38,0,False,False,1
CUST0762,27,Male,75.48,monthly,35,1,True,True,0
CUST0763,49,Female,103.24,monthly,45,2,False,True,0
CUST0764,33,Female,73.41,annual,16,0,True,False,0
CUST0765,25,Male,84.05,monthly,8,3,False,False,0
CUST0766,55,Female,53.75,monthly,47,0,False,True,0
CUST0767,29,Male,83.57,monthly,17,2,False,False,0
CUST0768,41,Male,71.26,monthly,17,1,False,True,0
CUST0769,45,Male,94.71,monthly,54,1,False,True,0
CUST0770,25,Male,98.75,monthly,26,1,False,True,1
CUST0771,45,Male,126.79,monthly,13,3,True,True,1
CUST0772,53,Female,86.59,monthly,17,0,False,False,0
CUST0773,43,Female,81.52,monthly,38,0,False,True,0
CUST0774,25,Female,78.89,monthly,17,0,False,True,0
CUST0775,67,Male,67.94,annual,48,3,False,False,1
CUST0776,45,Male,81.77,annual,14,1,True,True,0
CUST0777,45,Male,69.09,monthly,45,0,False,True,0
CUST0778,54,Female,78.37,monthly,6,2,False,False,1
CUST0779,58,Male,101.35,monthly,35,2,True,True,0
CUST0780,53,Female,54.87,monthly,46,1,True,False,0
CUST0781,44,Female,97.8,monthly,14,0,False,True,0
CUST0782,34,Male,101.34,monthly,47,2,False,False,1
CUST0783,26,Male,72.64,monthly,8,3,False,True,0
CUST0784,50,Female,32.56,monthly,15,2,False,False,1
CUST0785,37,Male,62.84,monthly,54,1,False,True,1
CUST0786,30,Female,100.94,annual,27,1,True,False,1
CUST0787,45,Male,74.54,monthly,13,1,False,True,0
CUST0788,65,Male,55.01,monthly,49,0,True,True,1
CUST0789,46,Female,64.9,annual,31,3,False,True,0
CUST0790,30,Male,91.81,annual,53,2,False,False,0
CUST0791,63,Female,85.93,monthly,56,0,False,False,1
CUST0792,52,Male,70.22,monthly,35,3,False,True,0
CUST0793,23,Female,67.66,monthly,6,1,False,True,1
CUST0794,35,Female,67.16,annual,5,2,True,False,0
CUST0795,68,Male,56.55,annual,22,3,False,True,0
CUST0796,22,Female,107.31,monthly,58,0,True,False,1
CUST0797,64,Male,68.55,monthly,49,1,False,False,1
CUST0798,42,Male,99.34,monthly,23,0,False,False,0
CUST0799,19,Male,105.43,monthly,25,3,False,True,1
CUST0800,27,Female,94.97,monthly,34,1,False,True,0
CUST0801,47,Female,66.37,annual,26,1,False,False,0
CUST0802,67,Male,83.07,monthly,47,3,True,False,0
CUST0803,62,Male,74.52,annual,5,0,False,False,0
CUST0804,22,Female,56.93,annual,26,3,False,True,0
CUST0805,50,Male,81.49,monthly,20,3,False,True,0
CUST0806,18,Male,51.42,monthly,6,0,False,True,1
CUST0807,35,Female,98.75,monthly,6,1,False,False,1
CUST0808,49,Male,65.71,monthly,59,2,False,True,1
CUST0809,64,Female,79.02,monthly,50,3,True,True,1
CUST0810,66,Male,80.67,monthly,18,2,False,True,1
CUST0811,28,Female,69.82,monthly,4,1,False,True,0
CUST0812,38,Male,86.73,monthly,17,4,False,False,0
CUST0813,43,Male,65.5,monthly,57,1,False,True,0
CUST0814,42,Female,92.43,monthly,14,2,True,True,1
CUST0815,39,Male,48.08,monthly,14,2,True,True,1
CUST0816,44,Female,77.53,monthly,13,3,True,True,0
CUST0817,66,Male,113.78,monthly,7,1,False,True,0
CUST0818,30,Female,54.99,monthly,44,1,True,True,0
CUST0819,50,Female,61.45,monthly,55,1,False,False,0
CUST0820,51,Female,85.28,monthly,15,1,False,True,0
CUST0821,58,Female,78.59,monthly,19,5,False,True,0
CUST0822,52,Male,82.01,monthly,43,0,False,True,1
CUST0823,18,Male,84.78,annual,47,2,True,False,0
CUST0824,38,Female,87.69,monthly,44,1,True,True,0
CUST0825,65,Female,97.19,monthly,35,3,False,False,1
CUST0826,23,Female,83.2,monthly,17,3,True,True,0
CUST0827,45,Male,70.17,monthly,35,0,False,False,0
CUST0828,34,Male,88.45,monthly,19,3,False,True,0
CUST0829,22,Male,113.0,monthly,20,0,False,False,1
CUST0830,48,Male,72.35,monthly,36,1,True,True,0
CUST0831,22,Female,55.51,monthly,35,1,False,True,0
CUST0832,55,Female,97.14,monthly,32,0,True,False,0
CUST0833,20,Female,72.59,monthly,58,2,False,True,1
CUST0834,40,Male,31.55,monthly,48,0,False,False,0
CUST0835,54,Male,91.95,annual,44,1,False,True,0
CUST0836,54,Male,64.29,monthly,40,2,False,False,1
CUST0837,27,Female,73.19,monthly,24,1,False,False,1
CUST0838,27,Female,81.64,monthly,17,1,False,False,0
CUST0839,36,Male,78.81,monthly,7,2,False,False,0
CUST0840,34,Female,89.19,monthly,43,3,True,False,1
CUST0841,38,Male,66.29,monthly,50,1,False,False,0
CUST0842,31,Male,85.26,monthly,1,0,False,True,0
CUST0843,26,Female,69.81,monthly,35,1,True,True,1
CUST0844,63,Male,89.78,monthly,32,5,True,False,0
CUST0845,18,Female,87.31,monthly,36,1,True,False,1
CUST0846,68,Male,56.29,annual,13,2,True,False,0
CUST0847,62,Female,96.72,monthly,6,1,False,False,0
CUST0848,30,Female,64.28,monthly,58,1,False,False,0
CUST0849,21,Female,91.16,monthly,14,3,False,True,0
CUST0850,18,Male,82.35,monthly,37,0,False,True,1
CUST0851,66,Male,111.76,monthly,48,0,False,True,0
CUST0852,57,Female,70.53,monthly,15,2,True,True,0
CUST0853,49,Female,68.01,monthly,47,3,False,True,0
CUST0854,51,Male,74.61,monthly,4,1,False,False,0
CUST0855,45,Male,68.94,monthly,40,1,False,False,0
CUST0856,48,Male,91.0,monthly,59,3,False,True,1
CUST0857,25,Female,42.67,annual,16,1,False,True,1
CUST0858,56,Male,53.93,monthly,28,0,True,True,1
CUST0859,43,Male,53.64,monthly,16,4,False,True,0
CUST0860,51,Female,94.01,monthly,4,1,True,True,1
CUST0861,20,Male,109.21,monthly,45,3,False,True,1
CUST0862,67,Male,72.91,monthly,26,0,False,True,0
CUST0863,29,Male,71.62,monthly,28,1,True,True,1
CUST0864,18,Female,76.4,monthly,32,0,False,False,0
CUST0865,61,Female,98.24,monthly,45,3,True,True,1
CUST0866,22,Female,56.45,monthly,2,0,False,True,1
CUST0867,47,Female,79.77,monthly,31,1,False,True,0
CUST0868,47,Female,94.5,monthly,3,1,False,True,1
CUST0869,34,Female,85.02,monthly,54,2,True,False,0
CUST0870,65,Female,78.79,monthly,8,2,False,False,0
CUST0871,64,Male,95.02,monthly,24,3,False,True,1
CUST0872,40,Male,20.94,annual,15,4,False,False,1
CUST0873,32,Female,88.56,annual,43,2,True,True,0
CUST0874,54,Male,61.92,annual,31,1,False,False,1
CUST0875,38,Male,38.39,monthly,9,1,False,True,1
CUST0876,31,Female,85.22,monthly,39,2,True,True,0
CUST0877,19,Male,102.47,monthly,45,0,False,False,0
CUST0878,28,Male,72.25,monthly,2,1,False,False,1
CUST0879,68,Male,94.06,monthly,8,1,False,False,0
CUST0880,56,Male,107.25,annual,7,0,False,True,0
CUST0881,55,Male,101.3,annual,56,1,False,True,0
CUST0882,51,Female,107.8,monthly,44,1,False,False,0
CUST0883,55,Female,89.84,monthly,51,1,True,True,0
CUST0884,67,Female,76.51,monthly,39,1,False,True,0
CUST0885,51,Male,42.96,annual,42,4,False,True,0
CUST0886,35,Female,70.08,annual,57,2,False,True,0
CUST0887,47,Male,58.14,monthly,16,2,False,True,1
CUST0888,32,Male,118.42,monthly,35,1,False,True,0
CUST0889,44,Male,71.48,annual,30,1,False,True,0
CUST0890,68,Male,77.46,monthly,10,0,False,False,1
CUST0891,51,Female,86.03,monthly,38,0,False,True,1
CUST0892,69,Female,75.87,annual,18,2,False,True,0
CUST0893,55,Male,108.9,monthly,50,0,True,True,0
CUST0894,50,Female,62.55,monthly,5,0,True,False,0
CUST0895,41,Male,78.89,monthly,53,2,False,True,0
CUST0896,32,Female,60.15,monthly,29,0,False,False,1
CUST0897,47,Female,48.6,annual,39,2,False,True,1
CUST0898,59,Male,62.76,monthly,34,0,True,False,0
CUST0899,68,Female,74.26,annual,43,3,True,True,0
CUST0900,34,Male,66.41,monthly,45,1,True,True,1
CUST0901,22,Female,61.15,monthly,23,2,True,False,1
CUST0902,46,Male,46.87,monthly,5,1,True,False,0
CUST0903,21,Male,73.34,monthly,30,1,False,True,0
CUST0904,27,Female,44.91,monthly,6,2,False,True,0
CUST0905,34,Female,90.2,monthly,56,2,False,True,1
CUST0906,27,Male,76.65,monthly,58,2,False,False,0
CUST0907,34,Female,45.85,monthly,46,1,False,True,0
CUST0908,37,Female,68.82,monthly,44,0,True,True,0
CUST0909,41,Male,59.96,monthly,4,2,True,True,0
CUST0910,22,Male,81.38,monthly,29,1,False,False,0
CUST0911,51,Female,101.81,monthly,23,3,False,False,0
CUST0912,23,Male,37.5,monthly,6,5,False,False,0
CUST0913,19,Male,77.3,monthly,32,2,False,True,0
CUST0914,30,Male,71.8,monthly,42,1,False,False,0
CUST0915,60,Female,88.43,monthly,18,2,False,False,0
CUST0916,60,Female,79.26,annual,15,1,False,False,0
CUST0917,65,Male,59.96,monthly,40,1,False,True,0
CUST0918,28,Female,68.62,monthly,58,1,False,True,0
CUST0919,68,Male,59.08,monthly,32,2,False,False,0
CUST0920,64,Female,96.52,monthly,9,2,True,True,0
CUST0921,40,Male,75.43,monthly,37,0,False,True,0
CUST0922,33,Male,113.02,monthly,10,1,False,False,0
CUST0923,48,Female,73.79,monthly,20,0,False,False,0
CUST0924,28,Male,60.83,annual,6,1,False,False,1
CUST0925,33,Female,44.73,monthly,48,1,False,False,0
CUST0926,25,Female,38.94,monthly,56,0,False,True,1
CUST0927,21,Male,43.32,monthly,59,0,False,True,1
CUST0928,57,Male,80.34,monthly,3,1,False,True,0
CUST0929,21,Female,85.17,monthly,42,1,True,True,1
CUST0930,42,Male,43.38,monthly,11,1,False,True,1
CUST0931,20,Male,92.9,monthly,43,2,False,True,1
CUST0932,49,Male,65.34,annual,17,2,True,True,1
CUST0933,20,Male,77.94,monthly,32,3,True,False,0
CUST0934,44,Male,107.24,annual,4,4,False,False,0
CUST0935,46,Female,92.94,monthly,4,1,False,False,0
CUST0936,49,Female,69.63,monthly,17,1,False,False,1
CUST0937,67,Male,57.18,monthly,41,1,True,False,1
CUST0938,68,Male,31.96,annual,19,2,False,False,1
CUST0939,36,Male,60.62,monthly,5,2,False,False,0
CUST0940,38,Female,70.78,monthly,32,0,True,False,0
CUST0941,22,Male,55.26,monthly,22,1,True,False,0
CUST0942,35,Female,72.37,monthly,56,1,False,False,0
CUST0943,45,Female,76.54,monthly,6,1,False,True,0
CUST0944,59,Female,70.5,monthly,35,1,False,True,0
CUST0945,39,Male,62.0,monthly,22,1,True,True,0
CUST0946,38,Female,78.37,monthly,1,1,False,True,1
CUST0947,23,Male,83.84,monthly,20,2,False,True,1
CUST0948,18,Female,53.19,monthly,22,0,True,True,0
CUST0949,22,Male,103.22,monthly,48,2,False,True,0
CUST0950,58,Female,73.03,annual,55,0,False,True,0
CUST0951,29,Male,75.38,monthly,11,0,True,False,0
CUST0952,43,Female,89.16,monthly,13,0,False,True,1
CUST0953,63,Male,79.66,monthly,59,0,False,False,0
CUST0954,51,Male,94.06,monthly,42,2,False,False,0
CUST0955,66,Male,80.74,monthly,3,1,True,True,1
CUST0956,31,Male,62.75,annual,9,1,True,False,0
CUST0957,43,Female,82.23,monthly,12,5,False,True,1
CUST0958,62,Female,52.13,monthly,23,0,False,True,0
CUST0959,44,Male,77.17,monthly,14,2,True,True,0
CUST0960,26,Female,74.34,monthly,33,4,True,True,0
CUST0961,43,Male,70.84,monthly,18,4,True,True,1
CUST0962,64,Male,72.43,annual,49,3,False,True,0
CUST0963,39,Female,37.36,monthly,59,2,False,True,0
CUST0964,64,Male,64.03,monthly,41,1,False,True,1
CUST0965,47,Male,76.86,monthly,9,0,True,True,0
CUST0966,60,Female,78.2,monthly,23,0,False,False,0
CUST0967,65,Male,54.45,monthly,10,1,True,True,1
CUST0968,34,Male,100.31,monthly,19,2,False,True,0
CUST0969,43,Male,57.68,monthly,47,3,False,True,0
CUST0970,53,Male,94.39,monthly,5,2,False,True,0
CUST0971,18,Female,83.54,monthly,47,0,False,True,0
CUST0972,25,Female,62.08,annual,52,1,True,False,0
CUST0973,66,Female,110.51,monthly,23,1,True,True,0
CUST0974,52,Male,51.13,monthly,30,2,False,False,0
CUST0975,69,Male,93.38,monthly,25,1,False,False,1
CUST0976,32,Female,95.01,monthly,28,4,False,True,1
CUST0977,64,Male,61.59,monthly,34,1,False,True,0
CUST0978,39,Male,102.85,monthly,45,1,False,False,0
CUST0979,31,Male,70.0,monthly,56,0,True,False,1
CUST0980,43,Male,80.77,monthly,48,2,True,True,0
CUST0981,45,Female,80.21,monthly,47,0,False,False,1
CUST0982,40,Female,72.31,monthly,25,1,True,False,0
CUST0983,31,Female,91.22,annual,10,1,False,True,0
CUST0984,41,Male,90.87,monthly,14,2,True,False,0
CUST0985,19,Female,40.03,monthly,42,2,False,True,1
CUST0986,62,Female,101.09,monthly,57,1,False,True,0
CUST0987,43,Male,41.75,monthly,46,0,True,False,1
CUST0988,31,Male,95.65,monthly,58,3,True,False,1
CUST0989,68,Female,97.53,annual,30,0,False,True,0
CUST0990,24,Female,53.18,annual,55,5,False,True,0
CUST0991,20,Female,66.78,monthly,41,1,True,False,1
CUST0992,64,Female,52.89,annual,25,1,False,False,1
CUST0993,40,Male,70.7,annual,14,0,True,False,0
CUST0994,63,Female,68.84,annual,35,0,False,False,0
CUST0995,60,Female,90.59,annual,52,2,False,False,1
CUST0996,64,Male,101.21,monthly,48,3,True,True,0
CUST0997,62,Female,102.91,monthly,34,4,False,True,0
CUST0998,35,Male,63.76,monthly,10,3,False,True,0
CUST0999,55,Male,70.82,monthly,35,2,True,False,0
